{
  "train_loss": [
    4.851665152921761,
    3.916123749491826,
    3.6452088446901896,
    3.5049899350581963,
    3.4039687678350425,
    3.3239913382402975,
    3.256688039972337,
    3.200596602717379,
    3.155945631660985,
    3.11547517794666
  ],
  "val_loss": [
    4.282410320742377,
    4.002115333491358,
    3.8445375316444483,
    3.7868596888136588,
    3.7200036021484726,
    3.6702706339715543,
    3.662685985400759,
    3.6049029616103776,
    3.5750675215118233,
    3.5687635830079003
  ]
}